run_id,impl,rmse_days,mae_days,hit3,rmse,r2_oos,params,epochs,best_epoch,s_per_epoch,total_s,infer_ms_per_1k
baseline: train mean,-,6.227928161621094,5.019860744476318,0.2827352085354025,1.1034213304519653,0.0,,,,,,
baseline: recent state mean (last 7 days),-,5.215061187744141,3.4438159465789795,0.5660246639878066,0.8021093606948853,0.47157371044158936,,,,,,
baseline: promise regression (OLS on promised days),-,5.407832622528076,3.6819872856140137,0.5383123181377304,0.8163228631019592,0.45268023014068604,,,,,,
baseline: linear model on window (OLS),-,5.262940883636475,3.827972173690796,0.48960787030622144,0.7920132279396057,0.4847925901412964,,,,,,
EC-SC-RNN,Scratch,5.013606071472168,3.5048673152923584,0.5460717749757517,0.7457561492919922,0.5432159900665283,1409.0,11.0,6.0,0.24,3.0,1.24
EC-TF-RNN,Keras,4.967602252960205,3.4068615436553955,0.5718442566163225,0.7340317368507385,0.5574657917022705,1409.0,14.0,9.0,0.63,10.0,4.39
EC-TF-LSTM,Keras,4.9159722328186035,3.3628592491149902,0.5784952196203409,0.7295958399772644,0.562798261642456,5537.0,7.0,2.0,1.3,10.0,6.49
EC-TF-GRU,Keras,4.869138717651367,3.256577253341675,0.6044755438547873,0.7155689001083374,0.5794476270675659,4257.0,8.0,3.0,1.48,13.0,6.18
EC-PT-RNN,PyTorch,4.915552616119385,3.426421642303467,0.5506443120410143,0.740827739238739,0.5492334365844727,1409.0,11.0,6.0,0.79,9.0,1.3
EC-PT-LSTM,PyTorch,4.828660488128662,3.300504207611084,0.5815435776638492,0.7213891744613647,0.5725784301757812,5665.0,11.0,6.0,1.78,20.0,3.82
EC-PT-GRU,PyTorch,4.820505142211914,3.2779006958007812,0.5879174172093667,0.7197738885879517,0.5744903683662415,4257.0,11.0,6.0,1.53,18.0,3.68
