run_id,impl,rmse_pct,mae_pct,rmse,r2_oos,dir_acc,params,epochs,best_epoch,s_per_epoch,total_s,infer_ms_per_1k
baseline: persistence (today),-,1.3851639032363892,0.8639448881149292,0.919348418712616,0.27585405111312866,,,,,,,
baseline: 5-day mean,-,1.163130521774292,0.7172191143035889,0.7861307263374329,0.47051286697387695,0.6833127019111742,,,,,,
baseline: 22-day mean,-,1.1888469457626343,0.7264803647994995,0.7948200702667236,0.45874303579330444,0.6943479967392289,,,,,,
baseline: train mean,-,1.6528005599975586,0.9864528775215149,1.080356478691101,0.0,0.6423870052232722,,,,,,
baseline: HAR linear (day+week+month),-,1.1448503732681274,0.6820000410079956,0.7484939694404602,0.5199986696243286,0.7003864617614203,,,,,,
ST-SC-RNN,Scratch,1.1896647214889526,0.6893173456192017,0.747243344783783,0.5216013193130493,0.7048096373901754,1313.0,8.0,3.0,2.31,18.0,2.72
ST-TF-RNN,Keras,1.1894410848617554,0.6820735931396484,0.7413443326950073,0.5291247963905334,0.7076930044382718,1313.0,8.0,3.0,5.45,45.0,6.19
ST-TF-LSTM,Keras,1.1558719873428345,0.6734226942062378,0.7350847125053406,0.5370429754257202,0.710697140786812,5153.0,7.0,2.0,14.85,107.0,13.32
ST-TF-GRU,Keras,1.1606431007385254,0.6742302179336548,0.7350956797599792,0.5370292663574219,0.7107273331119229,3969.0,6.0,1.0,17.29,104.0,14.89
ST-PT-RNN,PyTorch,1.18424391746521,0.6827625036239624,0.7418243288993835,0.5285148620605469,0.7074816581624951,1313.0,8.0,3.0,8.01,64.0,3.86
ST-PT-LSTM,PyTorch,1.1454215049743652,0.6764845252037048,0.7373896241188049,0.534135103225708,0.7096102170828176,5281.0,7.0,2.0,22.11,155.0,11.68
ST-PT-GRU,PyTorch,1.1485751867294312,0.6765226721763611,0.738090991973877,0.5332485437393188,0.7076628121131608,3969.0,7.0,2.0,17.9,126.0,11.06
