run_id,framework,model,params,epochs,time_per_epoch_s,train_time_s,inference_ms_per_1k,accuracy,precision_macro,recall_macro,f1_macro,dataset,f1_positive,roc_auc,average_precision
SV-TF-CNN-3,TF,CNN-3,129290,20,44.9506,898.0445,0.0988,0.9117,0.9068,0.9104,0.9072,SV,,,
SV-TF-CNN-5,TF,CNN-5,175658,10,86.5364,868.2495,0.2168,0.9306,0.9286,0.9248,0.9265,SV,,,
SV-PT-CNN-3,PT,CNN-3,129290,18,48.8836,883.6183,0.2702,0.9106,0.909,0.9014,0.9046,SV,,,
SV-PT-CNN-5,PT,CNN-5,175658,13,98.7407,1287.424,0.4927,0.9294,0.9273,0.9248,0.925,SV,,,
GT-TF-CNN-3,TF,CNN-3,137771,20,23.3291,470.4519,0.1194,0.9781,0.9779,0.974,0.9751,GT,,,
GT-TF-CNN-5,TF,CNN-5,184139,11,45.5476,507.0879,0.2196,0.9911,0.9921,0.9895,0.9907,GT,,,
GT-PT-CNN-3,PT,CNN-3,137771,20,25.8777,518.2704,0.278,0.9848,0.9842,0.9849,0.9843,GT,,,
GT-PT-CNN-5,PT,CNN-5,184139,16,52.8365,846.0174,0.5006,0.9943,0.9948,0.9927,0.9937,GT,,,
DB-TF-CNN-3,TF,CNN-3,191169,7,12.8208,93.7126,0.0155,0.6465,0.6298,0.6345,0.631,DB,0.7067,0.6964,0.7901
DB-TF-CNN-5,TF,CNN-5,391329,5,28.775,145.2144,0.03,0.6333,0.6292,0.6374,0.6259,DB,0.6785,0.6938,0.788
DB-PT-CNN-3,PT,CNN-3,191169,7,20.1227,141.4208,0.0201,0.6371,0.6295,0.6372,0.628,DB,0.6862,0.6963,0.7903
DB-PT-CNN-5,PT,CNN-5,391329,8,42.5416,339.1369,0.0381,0.6446,0.6298,0.6355,0.6308,DB,0.7024,0.6957,0.7897
DB-TF-MLP,TF,MLP,6977,5,1.0641,6.0468,0.0034,0.6275,0.6285,0.6368,0.6222,DB,0.6672,0.6948,0.7897
